PDIID,CHAIN,,RESID,SEQ_Post,WILD,MUTANT,Temp,pH,,,DDG
2OCJ,A,,104,11,Q,H,,,,,0.24
2OCJ,A,,104,11,Q,P,,,,,0.11
2OCJ,A,,123,30,T,A,,,,,-0.13
2OCJ,A,,129,36,A,D,,,,,-0.7
2OCJ,A,,129,36,A,E,,,,,-0.38
2OCJ,A,,129,36,A,S,,,,,-0.19
2OCJ,A,,133,40,M,L,,,,,0.3
2OCJ,A,,134,41,F,L,,,,,-4.78
2OCJ,A,,143,50,V,A,,,,,-3.5
2OCJ,A,,145,52,L,Q,,,,,-2.98
2OCJ,A,,148,55,D,E,,,,,-0.43
2OCJ,A,,148,55,D,S,,,,,0.22
2OCJ,A,,150,57,T,P,,,,,-0.08
2OCJ,A,,151,58,P,S,,,,,-4.49
2OCJ,A,,157,64,V,F,,,,,-3.88
2OCJ,A,,165,72,Q,K,,,,,-1.27
2OCJ,A,,167,74,Q,E,,,,,-0.43
2OCJ,A,,168,75,H,R,,,,,-2.75
2OCJ,A,,174,81,R,K,,,,,-0.22
2OCJ,A,,175,82,R,A,,,,,-0.73
2OCJ,A,,175,82,R,H,,,,,-3.52
2OCJ,A,,182,89,C,S,,,,,0.16
2OCJ,A,,195,102,I,T,,,,,-4.12
2OCJ,A,,201,108,L,P,,,,,0.35
2OCJ,A,,203,110,V,A,,,,,0.49
2OCJ,A,,206,113,L,S,,,,,-0.1
2OCJ,A,,220,127,Y,C,,,,,-3.98
2OCJ,A,,228,135,D,E,,,,,0.05
2OCJ,A,,232,139,I,T,,,,,-3.19
2OCJ,A,,236,143,Y,F,,,,,0.27
2OCJ,A,,237,144,M,I,,,,,-3.18
2OCJ,A,,239,146,N,Y,,,,,1.49
2OCJ,A,,242,149,C,S,,,,,-3.07
2OCJ,A,,245,152,G,S,,,,,-1.21
2OCJ,A,,248,155,R,Q,,,,,-1.87
2OCJ,A,,249,156,R,S,,,,,-1.92
2OCJ,A,,255,162,I,F,,,,,-3.29
2OCJ,A,,260,167,S,P,,,,,-0.32
2OCJ,A,,268,175,N,D,,,,,1.21
2OCJ,A,,270,177,F,C,,,,,-4.54
2OCJ,A,,273,180,R,H,,,,,-0.45
2OCJ,A,,282,189,R,W,,,,,-3.3